Word,Score
later,3.6674979218620116
alter,3.6674979218620116
alert,3.6674979218620116
arose,3.6475477971737327
irate,3.6292601828761426
stare,3.627597672485453
arise,3.5785536159600997
raise,3.5785536159600997
learn,3.5378221113881962
renal,3.537822111388196
snare,3.497921862011638
saner,3.4979218620116375
slate,3.4771404821280134
steal,3.4771404821280134
stale,3.4771404821280134
least,3.4771404821280134
trace,3.467165419783874
react,3.4671654197838735
cater,3.4671654197838735
crate,3.4671654197838735
clear,3.4563591022443894
store,3.4430590191188695
loser,3.432252701579385
atone,3.428927680798005
aisle,3.42809642560266
teary,3.42477140482128
adore,3.4189526184538654
alone,3.4181213632585203
scare,3.4164588528678306
layer,3.4139650872817957
relay,3.4139650872817953
early,3.4139650872817953
trade,3.399002493765586
tread,3.399002493765586
leant,3.398171238570241
opera,3.3956774729842065
heart,3.3940149625935163
hater,3.3940149625935163
earth,3.394014962593516
taper,3.375727348295927
paler,3.364921030756442
pearl,3.364921030756442
tenor,3.364089775561097
aider,3.349958437240233
alien,3.349127182044888
share,3.343308395677473
shear,3.343308395677473
crane,3.337489609310058
tamer,3.3349958437240232
grate,3.3300083125519535
great,3.330008312551953
spear,3.3250207813798838
spare,3.3250207813798838
parse,3.3250207813798838
realm,3.3241895261845382
large,3.319201995012469
glare,3.319201995012469
lager,3.319201995012469
regal,3.3192019950124685
eclat,3.316708229426434
cleat,3.316708229426434
snore,3.313383208645054
yearn,3.295095594347465
inert,3.2950955943474645
inter,3.2950955943474645
blare,3.29426433915212
baler,3.29426433915212
stern,3.2934330839567747
stole,3.2926018287614296
liner,3.28428927680798
smear,3.28428927680798
caste,3.2768079800498753
outer,3.2751454696591855
route,3.275145469659185
saute,3.2693266832917702
scale,3.2660016625103907
after,3.2626766417290107
flare,3.251870324189526
feral,3.251870324189526
dealt,3.248545303408146
delta,3.2485453034081457
taker,3.2468827930174564
siren,3.2443890274314215
risen,3.2443890274314215
rinse,3.2443890274314215
resin,3.2443890274314215
lathe,3.2435577722360764
yeast,3.234413965087282
water,3.233582709891937
ratio,3.232751454696592
score,3.231920199501247
roast,3.2310889443059017
leapt,3.2252701579384873
plate,3.2252701579384873
petal,3.2252701579384873
pleat,3.225270157938487
rouse,3.224438902743142
islet,3.223607647547797
solar,3.220282626766417
ocean,3.2177888611803827
canoe,3.217788861180382
trice,3.2136325852036576
afire,3.2136325852036576
safer,3.211970074812968
crest,3.2119700748129674
other,3.209476309226933
stead,3.208645054031588
ramen,3.205320033250208
older,3.2036575228595177
haste,3.2036575228595177
relic,3.202826267664173
trail,3.201995012468828
trial,3.201995012468828
anger,3.200332502078138
range,3.200332502078138
ideal,3.199501246882793
avert,3.198669991687448
enact,3.1978387364921033
leash,3.1928512053200335
shale,3.192851205320033
trope,3.1911886949293433
cedar,3.1878636741479633
lance,3.1870324189526187
clean,3.1870324189526187
paste,3.1853699085619285
metal,3.184538653366583
swear,3.1828761429758936
reach,3.1828761429758936
lapse,3.174563591022444
stone,3.173732335827099
onset,3.173732335827099
recap,3.1645885286783044
caper,3.1645885286783044
stair,3.1620947630922696
aside,3.1596009975062342
shore,3.1587697423108896
horse,3.1587697423108896
table,3.1546134663341645
bleat,3.154613466334164
crone,3.1529509559434747
metro,3.1504571903574394
anode,3.1496259351620948
tried,3.1454696591853697
ready,3.1454696591853697
steam,3.144638403990025
inlet,3.1446384039900246
prose,3.1404821280133004
spore,3.1404821280133004
poser,3.1404821280133004
their,3.1404821280133
stage,3.1396508728179553
sepia,3.1363258520365758
email,3.13549459684123
idler,3.134663341645885
agile,3.1305070656691605
noise,3.1246882793017456
cream,3.1238570241064005
repay,3.122194513715711
payer,3.1221945137157108
tripe,3.1221945137157108
grace,3.118869492934331
laden,3.118869492934331
heard,3.114713216957606
baste,3.1147132169576057
beast,3.1147132169576057
fetal,3.112219451371571
plier,3.111388196176226
argue,3.111388196176226
peril,3.111388196176226
acute,3.108894430590191
stein,3.1047381546134662
extra,3.103075644222776
sonar,3.1014131338320863
arson,3.1014131338320863
drape,3.0964256026600165
plane,3.095594347464672
panel,3.0955943474646714
penal,3.0955943474646714
terra,3.0947630922693268
treat,3.0947630922693268
eater,3.0947630922693268
brace,3.0939318370739817
relax,3.0922693266832915
entry,3.0906068162926017
shire,3.089775561097257
drone,3.084788029925187
nicer,3.083956774729842
train,3.083125519534497
close,3.0814630091438073
timer,3.081463009143807
remit,3.081463009143807
merit,3.081463009143807
heron,3.079800498753117
ovate,3.078969243557772
sedan,3.078969243557772
forte,3.0781379883624274
gayer,3.0764754779717376
tiger,3.076475477971737
urine,3.076475477971737
nurse,3.0748129675810474
louse,3.0739817123857027
ashen,3.0739817123857023
feast,3.0723192019950125
spire,3.0714879467996674
snarl,3.0706566916043228
actor,3.0706566916043223
sober,3.0698254364089776
raven,3.0689941812136325
meant,3.0656691604322526
trend,3.0648379052369075
false,3.061512884455528
prone,3.061512884455528
agent,3.060681629260183
carol,3.0598503740648377
coral,3.0598503740648377
hotel,3.059019118869493
sauce,3.058187863674148
cause,3.058187863674148
stake,3.056525353283458
steak,3.056525353283458
skate,3.0565253532834578
utile,3.055694098088113
dream,3.0556940980881127
farce,3.0515378221113885
tribe,3.051537822111388
grade,3.0507065669160434
harem,3.050706566916043
angle,3.0498753117206983
angel,3.0498753117206983
glean,3.0498753117206983
wrote,3.049044056525353
tower,3.049044056525353
valet,3.048212801330008
cadet,3.048212801330008
alike,3.0473815461346634
recut,3.0440565253532834
erase,3.0440565253532834
truce,3.0440565253532834
waste,3.0432252701579383
sweat,3.0432252701579383
teach,3.0432252701579383
cheat,3.0432252701579383
lower,3.038237738985869
decal,3.0374064837905235
haute,3.0357439733998337
creak,3.0357439733998337
ulcer,3.033250207813799
cruel,3.033250207813799
ultra,3.032418952618454
leach,3.032418952618454
miser,3.030756442227764
grape,3.027431421446384
beard,3.0257689110556942
bread,3.0257689110556942
debar,3.025768911055694
rehab,3.020781379883624
style,3.0191188694929343
those,3.0191188694929343
ethos,3.0191188694929343
royal,3.017456359102244
anime,3.0166251039068994
goner,3.0157938487115543
suite,3.0157938487115543
diner,3.0157938487115543
place,3.0141313383208646
overt,3.0141313383208646
voter,3.0141313383208646
trove,3.0141313383208646
slice,3.012468827930175
refit,3.0091438071487944
stave,3.0083125519534497
cameo,3.0041562759767246
decor,3.00332502078138
lover,3.00332502078138
credo,3.0033250207813795
clone,3.002493765586035
talon,3.0016625103906898
tonal,3.0016625103906898
pesto,3.0008312551953447
motel,3.0
alive,2.9991687448046553
chore,2.9983374896093102
worse,2.9983374896093102
sower,2.9983374896093102
swore,2.9983374896093102
flier,2.9983374896093102
filer,2.9983374896093102
rifle,2.9983374896093102
oaken,2.997506234413965
salve,2.997506234413965
delay,2.9950124688279303
tilde,2.99501246882793
curse,2.9933499584372405
chase,2.9925187032418954
ripen,2.9925187032418954
borne,2.990856192851205
slope,2.9900249376558605
lithe,2.99002493765586
crave,2.9875311720698257
carve,2.9875311720698257
gamer,2.9866999168744806
weary,2.980049875311721
write,2.9800498753117206
retch,2.978387364921031
wrest,2.978387364921031
taken,2.9775561097256857
death,2.975062344139651
space,2.9742310889443058
camel,2.9733998337489607
spelt,2.970074812967581
slept,2.970074812967581
polar,2.968412302576891
drake,2.967581047381546
pause,2.966749792186201
ankle,2.966749792186201
arena,2.965087281795511
verso,2.963424771404821
scone,2.9625935162094765
amber,2.9617622610141314
smote,2.960099750623441
crept,2.960099750623441
serif,2.9584372402327515
artsy,2.957605985037407
stray,2.9576059850374063
satyr,2.9576059850374063
adept,2.9567747298420617
barge,2.9567747298420617
radio,2.9534497090606813
exalt,2.9526184538653366
erupt,2.9526184538653366
poise,2.951787198669992
miner,2.9517871986699915
salon,2.9509559434746464
heist,2.9501246882793017
reign,2.9467996674979218
plead,2.9459684123025767
pedal,2.9459684123025767
rivet,2.9451371571072316
latte,2.944305901911887
elate,2.944305901911887
slide,2.944305901911887
cable,2.943474646716542
skier,2.942643391521197
scent,2.942643391521197
matey,2.941812136325852
meaty,2.941812136325852
acorn,2.940980881130507
untie,2.9368246051537823
unite,2.9368246051537823
unset,2.935162094763092
liver,2.9343308395677474
cider,2.9343308395677474
olden,2.934330839567747
cried,2.934330839567747
triad,2.9334995843724023
spite,2.9318370739817126
slant,2.9310058187863675
mealy,2.9310058187863675
horde,2.9301745635910224
wiser,2.9293433083956777
smelt,2.9293433083956772
moral,2.9276807980049875
molar,2.9276807980049875
trash,2.926849542809643
snake,2.9268495428096424
rouge,2.9268495428096424
sneak,2.9268495428096424
rogue,2.9268495428096424
amuse,2.9260182876142977
shade,2.9243557772236075
brine,2.9218620116375726
spiel,2.921030756442228
usage,2.921030756442228
nosey,2.920199501246883
usher,2.920199501246883
octal,2.9201995012468824
owner,2.9193682460515378
frame,2.9193682460515378
dance,2.9185369908561927
navel,2.9185369908561927
facet,2.9118869492934327
price,2.911055694098088
otter,2.9102244389027434
tapir,2.9102244389027434
retro,2.910224438902743
strap,2.908561928512053
abort,2.908561928512053
reply,2.9068994181213634
adobe,2.9060681629260183
spade,2.9060681629260183
abode,2.9060681629260183
medal,2.9052369077306732
taste,2.9044056525353286
state,2.9044056525353286
asset,2.904405652535328
tease,2.904405652535328
maker,2.9035743973399835
lunar,2.9027431421446384
purse,2.9019118869492937
super,2.9019118869492933
phase,2.9010806317539486
lemur,2.901080631753948
fecal,2.901080631753948
shape,2.901080631753948
glade,2.9002493765586035
rayon,2.8985868661679137
towel,2.8985868661679133
intro,2.8985868661679133
labor,2.8977556109725686
snort,2.8969243557772235
abuse,2.896093100581879
gruel,2.8960931005818784
pecan,2.8952618453865338
craze,2.8944305901911886
lease,2.893599334995844
easel,2.8935993349958435
since,2.8935993349958435
stain,2.892768079800499
saint,2.8927680798004984
satin,2.8927680798004984
smite,2.8911055694098087
shone,2.889443059019119
azure,2.886949293433084
wager,2.885286783042394
racer,2.883624272651704
ample,2.8819617622610143
tuber,2.8819617622610143
maple,2.8819617622610143
slain,2.881961762261014
rebut,2.881961762261014
brute,2.881961762261014
snail,2.881961762261014
bathe,2.881130507065669
ascot,2.880299251870324
slime,2.880299251870324
naive,2.880299251870324
coast,2.880299251870324
smile,2.880299251870324
infer,2.8794679966749794
finer,2.8794679966749794
blade,2.8753117206982544
abled,2.8753117206982544
brake,2.8736492103075646
break,2.8736492103075646
baker,2.873649210307564
adorn,2.8728179551122195
opine,2.8728179551122195
stoke,2.8719866999168744
cairn,2.8719866999168744
hyena,2.8711554447215297
bluer,2.8711554447215293
crime,2.8703241895261846
lemon,2.870324189526184
melon,2.870324189526184
smart,2.8678304239401498
force,2.8669991687448046
omega,2.8669991687448046
media,2.8669991687448046
homer,2.8661679135494595
serum,2.86118038237739
shame,2.8603491271820447
filet,2.858686616791355
leafy,2.858686616791355
surge,2.85619285120532
flora,2.855361596009975
cutie,2.855361596009975
grail,2.8536990856192848
inept,2.85286783042394
spent,2.8512053200332503
grave,2.8503740648379052
apron,2.84954280964256
loath,2.8470490440565253
under,2.8462177888611806
grope,2.8428927680798006
pride,2.8428927680798006
leaky,2.8428927680798006
pried,2.8428927680798006
trite,2.8412302576891104
noble,2.8403990024937658
terse,2.8395677472984207
ester,2.8395677472984207
steer,2.8395677472984207
reset,2.8395677472984207
cower,2.837905236907731
abide,2.8370739817123853
gleam,2.8362427265170407
rebus,2.831255195344971
freak,2.831255195344971
value,2.8295926849542807
rainy,2.8295926849542807
snide,2.825436408977556
brave,2.825436408977556
eaten,2.825436408977556
foyer,2.8246051537822114
stove,2.8237738985868663
prune,2.8229426433915212
clerk,2.8204488778054864
shine,2.8204488778054864
wafer,2.8179551122194515
probe,2.8179551122194515
begat,2.817123857024106
berth,2.8162926018287613
dread,2.815461346633416
olive,2.8146300914380715
solve,2.8129675810473813
nerdy,2.8113050706566916
blame,2.8113050706566916
amble,2.8113050706566916
wheat,2.8096425602660013
manor,2.8088113050706567
often,2.8088113050706567
chose,2.807980049875312
torus,2.807980049875312
salty,2.8071487946799665
trawl,2.806317539484622
bagel,2.8063175394846214
nadir,2.803823773898587
drain,2.8038237738985865
organ,2.8038237738985865
groan,2.8038237738985865
cover,2.8029925187032423
snipe,2.802161263507897
spine,2.802161263507897
wreak,2.802161263507897
house,2.800498753117207
comet,2.799667497921862
whale,2.798836242726517
image,2.798004987531172
felon,2.798004987531172
dirge,2.797173732335827
ridge,2.797173732335827
shoal,2.796342477140482
ounce,2.794679966749792
edict,2.794679966749792
decay,2.794679966749792
flyer,2.7938487115544475
token,2.7930174563591024
parer,2.7921862011637573
paper,2.7921862011637573
valor,2.791354945968412
riser,2.7905236907730675
patio,2.790523690773067
scope,2.789692435577723
copse,2.7896924355777224
suave,2.7896924355777224
ethic,2.7896924355777224
chest,2.788029925187032
frail,2.7863674147963424
roach,2.7863674147963424
amend,2.7863674147963424
flair,2.7863674147963424
grant,2.7838736492103076
gloat,2.7830423940149625
tidal,2.783042394014962
stark,2.7797173732335825
baron,2.778886118038238
prime,2.778886118038238
ombre,2.7772236076475476
sperm,2.7772236076475476
inane,2.776392352452203
shalt,2.7763923524522025
gripe,2.773898586866168
story,2.773067331670823
shake,2.772236076475478
depot,2.772236076475478
bride,2.772236076475478
flame,2.768911055694098
extol,2.768079800498753
screw,2.7672485453034086
chart,2.766417290108063
straw,2.766417290108063
crude,2.7647547797173733
halve,2.7639235245220286
uncle,2.763923524522028
setup,2.7622610141313384
upset,2.7622610141313384
knelt,2.762261014131338
enter,2.760598503740648
poker,2.7597672485453035
plait,2.759767248545303
splat,2.7581047381546138
bloat,2.7581047381546133
graze,2.7572734829592687
gazer,2.757273482959268
singe,2.7564422277639236
fiery,2.7556109725685785
waver,2.7539484621778887
speak,2.7539484621778887
exact,2.7522859517871985
deity,2.7522859517871985
savor,2.751454696591854
pulse,2.751454696591854
boule,2.751454696591854
rearm,2.7514546965918534
droit,2.7489609310058185
poesy,2.747298420615129
scary,2.746467165419784
power,2.746467165419784
eager,2.746467165419784
agree,2.7464671654197836
threw,2.744804655029094
staid,2.743142144638404
short,2.742310889443059
mouse,2.7414796342477143
yield,2.741479634247714
peach,2.7406483790523692
cheap,2.7406483790523692
fable,2.738985868661679
drove,2.734829592684954
grain,2.734829592684954
novel,2.7339983374896093
grime,2.733167082294264
antic,2.7323358270989195
zebra,2.732335827098919
scant,2.7306733167082293
hover,2.7298420615128847
fried,2.729842061512884
forge,2.729842061512884
decry,2.729842061512884
piety,2.7290108063175396
tardy,2.7290108063175396
elfin,2.7290108063175396
macro,2.7273482959268494
equal,2.7273482959268494
cagey,2.7256857855361596
shave,2.72402327514547
sport,2.72402327514547
fresh,2.7231920199501247
bleak,2.7231920199501243
cargo,2.7223607647547796
viral,2.7223607647547796
rival,2.7223607647547796
acrid,2.7223607647547796
heady,2.721529509559435
rebar,2.721529509559435
spice,2.72069825436409
model,2.7206982543640894
boast,2.718204488778055
hoard,2.718204488778055
chair,2.71737323358271
mange,2.71737323358271
guest,2.7165419783873648
crash,2.71571072319202
float,2.71571072319202
aloft,2.7157107231920197
lodge,2.7157107231920197
liken,2.713216957605985
prove,2.7115544472152955
inner,2.711554447215295
twine,2.71072319201995
brain,2.7098919368246053
sneer,2.7098919368246053
loose,2.70906068162926
tempo,2.708229426433915
guile,2.70739817123857
mower,2.70573566084788
above,2.70573566084788
party,2.70573566084788
tepid,2.7032418952618453
weird,2.7007481296758105
wider,2.7007481296758105
gavel,2.6999168744804654
corer,2.6990856192851207
tarot,2.6982543640897756
aorta,2.6982543640897756
knead,2.6982543640897756
cobra,2.697423108894431
scrap,2.697423108894431
cleft,2.6965918536990854
ovine,2.6957605985037407
shrew,2.694098088113051
cease,2.693266832917706
plied,2.6924355777223608
alley,2.690773067331671
elite,2.6907730673316705
title,2.6907730673316705
sleet,2.689110556940981
flute,2.689110556940981
mural,2.689110556940981
broke,2.689110556940981
steel,2.689110556940981
nasty,2.6882793017456357
blast,2.687448046550291
began,2.6874480465502906
honey,2.686616791354946
scorn,2.6857855361596013
mayor,2.684954280964256
storm,2.683291770573566
awoke,2.6824605153782213
flake,2.680798004987531
diary,2.679966749792186
dairy,2.679966749792186
plant,2.6791354945968413
inlay,2.6791354945968413
erect,2.6791354945968413
perch,2.6758104738154618
hairy,2.6749792186201162
shirt,2.6733167082294265
prude,2.6733167082294265
utter,2.6716541978387367
truer,2.6716541978387363
heath,2.6708229426433916
shied,2.6708229426433916
mover,2.6708229426433916
theta,2.670822942643391
hazel,2.670822942643391
beach,2.6699916874480465
guise,2.6674979218620116
altar,2.6674979218620116
mercy,2.665835411471322
grove,2.6658354114713214
diver,2.6658354114713214
drive,2.6658354114713214
ladle,2.6650041562759768
ralph,2.664172901080632
tango,2.6641729010806317
tonga,2.6641729010806317
north,2.663341645885287
covet,2.663341645885287
thorn,2.6633416458852865
stand,2.662510390689942
tweak,2.662510390689942
piano,2.6608478802992517
ruler,2.6608478802992517
grief,2.6608478802992517
niche,2.660016625103907
swine,2.660016625103907
sinew,2.660016625103907
exist,2.659185369908562
scram,2.656691604322527
strip,2.6550290939318373
spray,2.6550290939318373
raspy,2.6550290939318373
orbit,2.655029093931837
lefty,2.654197838736492
along,2.653366583541147
cigar,2.653366583541147
spied,2.6525353283458024
clove,2.6525353283458024
eight,2.652535328345802
golem,2.651704073150457
essay,2.650872817955112
aware,2.6500415627597675
fetus,2.6492103075644224
shard,2.6475477971737322
court,2.6475477971737322
glide,2.646716541978387
irony,2.6450540315876974
haven,2.6450540315876974
broil,2.6442227763923523
sugar,2.6442227763923523
unmet,2.6425602660016625
viper,2.6425602660016625
apple,2.6417290108063174
lapel,2.6417290108063174
paint,2.6408977556109723
croak,2.6392352452202825
baton,2.6392352452202825
basil,2.6384039900249374
phone,2.6375727348295928
ranch,2.6367414796342477
retry,2.6367414796342477
cyber,2.635910224438903
fiber,2.635910224438903
brief,2.6359102244389025
craft,2.6350789692435574
hyper,2.633416458852868
aloud,2.6334164588528677
beady,2.632585203657523
demur,2.6325852036575226
debit,2.6325852036575226
lumen,2.631753948462178
odder,2.6309226932668333
order,2.630922693266833
erode,2.630922693266833
rodeo,2.630922693266833
rapid,2.630922693266833
crier,2.6300914380714877
plain,2.6300914380714877
tiara,2.629260182876143
broad,2.629260182876143
board,2.629260182876143
trait,2.629260182876143
stalk,2.629260182876143
twice,2.629260182876143
scree,2.6284289276807984
cress,2.628428927680798
buyer,2.628428927680798
impel,2.628428927680798
start,2.627597672485453
money,2.627597672485453
chafe,2.627597672485453
stoic,2.626766417290108
lunge,2.626766417290108
leery,2.625935162094763
sharp,2.6242726517040733
abhor,2.6242726517040733
globe,2.6217788861180384
coupe,2.6217788861180384
surer,2.6209476309226933
reuse,2.6209476309226933
chute,2.6201163757273482
track,2.6192851205320036
dowel,2.6192851205320036
mason,2.6184538653366585
latch,2.6159600997506236
tramp,2.6159600997506236
voice,2.614297589359934
whole,2.6142975893599334
clued,2.6142975893599334
rhino,2.6142975893599334
adult,2.6134663341645883
shorn,2.6126350789692436
foray,2.6126350789692436
askew,2.6118038237738985
frost,2.610972568578554
deter,2.6109725685785534
decoy,2.6101413133832088
today,2.6093100581878637
agate,2.606816292601829
glaze,2.606816292601829
there,2.6059850374064837
three,2.6059850374064837
ether,2.6059850374064837
purge,2.604322527015794
viola,2.602660016625104
voila,2.602660016625104
demon,2.6018287614297586
salvo,2.600997506234414
mince,2.600997506234414
elder,2.600166251039069
randy,2.599334995843724
dwelt,2.5993349958437237
piney,2.5993349958437237
curio,2.598503740648379
boney,2.5976724854530344
ebony,2.597672485453034
scour,2.5968412302576893
giver,2.596841230257689
algae,2.596009975062344
scaly,2.596009975062344
chaos,2.596009975062344
legal,2.596009975062344
eagle,2.596009975062344
audio,2.595178719866999
giant,2.595178719866999
crawl,2.595178719866999
stork,2.595178719866999
evict,2.594347464671654
angst,2.593516209476309
rhyme,2.5926849542809642
sloth,2.591853699085619
noose,2.5901911886949294
fetid,2.5901911886949294
biome,2.588528678304239
thief,2.585203657522859
scarf,2.5843724023275145
align,2.5843724023275145
marsh,2.58354114713217
slang,2.5827098919368248
vital,2.5827098919368243
blaze,2.5818786367414797
abate,2.5818786367414797
flirt,2.5818786367414797
torch,2.5818786367414797
worst,2.5818786367414797
vegan,2.5810473815461346
hovel,2.579384871155445
field,2.579384871155445
waist,2.5777223607647546
repel,2.57689110556941
leper,2.57689110556941
crust,2.57689110556941
print,2.576059850374065
pilot,2.5752285951787197
audit,2.5752285951787197
whose,2.574397339983375
truly,2.5743973399833746
maize,2.57356608478803
flesh,2.572734829592685
shelf,2.572734829592685
spend,2.57190357439734
label,2.571072319201995
tense,2.57024106400665
scald,2.57024106400665
spoke,2.5694098088113053
maybe,2.56857855361596
derby,2.567747298420615
draft,2.56691604322527
clash,2.5652535328345802
waive,2.5652535328345802
curve,2.5644222776392356
warty,2.5635910224438905
roger,2.5619285120532003
dried,2.5619285120532003
drier,2.5619285120532003
rider,2.5619285120532003
gorge,2.5619285120532003
masse,2.5610972568578556
linen,2.561097256857855
adopt,2.5602660016625105
dress,2.5602660016625105
grasp,2.5602660016625105
rabid,2.5602660016625105
braid,2.5602660016625105
octet,2.5594347464671654
epoch,2.556109725685786
white,2.5561097256857854
sheer,2.5552784704904408
minor,2.5552784704904408
aptly,2.5552784704904403
eying,2.5536159600997506
hoist,2.5536159600997506
brash,2.5536159600997506
quote,2.5536159600997506
twirl,2.5527847049044055
bilge,2.5527847049044055
about,2.5502909393183706
wield,2.5502909393183706
groin,2.5502909393183706
prize,2.5494596841230255
cello,2.548628428927681
ovary,2.548628428927681
tonic,2.547797173732336
allot,2.5477971737323357
solid,2.5477971737323357
total,2.5477971737323357
atoll,2.5477971737323357
scalp,2.546965918536991
clasp,2.546965918536991
meter,2.5469659185369906
video,2.546134663341646
while,2.545303408146301
boxer,2.545303408146301
welsh,2.543640897755611
fairy,2.543640897755611
vista,2.5428096425602655
first,2.541978387364921
greet,2.541978387364921
egret,2.541978387364921
rerun,2.541978387364921
dicey,2.541147132169576
blend,2.5411471321695758
urban,2.5403158769742307
shove,2.539484621778886
piper,2.5386533665835413
bloke,2.5386533665835413
riper,2.5386533665835413
snout,2.538653366583541
badge,2.537822111388196
press,2.5369908561928516
spree,2.536990856192851
swept,2.536159600997506
soapy,2.5353283458021614
posit,2.5353283458021614
rusty,2.5344970906068163
loamy,2.5344970906068163
coven,2.5336658354114716
hasty,2.533665835411471
choir,2.5328345802161265
lyric,2.5328345802161265
wrath,2.5328345802161265
gnome,2.5328345802161265
denim,2.532834580216126
front,2.5320033250207814
abase,2.5311720698254363
angry,2.530340814630091
daily,2.5295095594347465
exult,2.529509559434746
fella,2.528678304239402
smoke,2.5286783042394014
elect,2.5286783042394014
faint,2.5278470490440563
deign,2.5278470490440563
sadly,2.5278470490440563
drawl,2.5270157938487117
skirt,2.5261845386533666
robin,2.5253532834580215
bowel,2.5253532834580215
below,2.5253532834580215
elbow,2.5253532834580215
spoil,2.524522028262677
surly,2.5236907730673317
hinge,2.5228595178719866
neigh,2.5228595178719866
apnea,2.5228595178719866
vicar,2.522028262676642
heavy,2.5211970074812973
tulle,2.521197007481297
aunty,2.5203657522859517
tubal,2.5195344970906066
basin,2.5195344970906066
sheik,2.518703241895262
dopey,2.518703241895262
final,2.5170407315045717
beret,2.5170407315045717
devil,2.515378221113882
pasty,2.515378221113882
glove,2.515378221113882
tumor,2.515378221113882
patsy,2.515378221113882
wrist,2.512884455527847
rarer,2.511221945137157
chide,2.5103906899418122
stank,2.5103906899418122
grout,2.510390689941812
unlit,2.509559434746467
until,2.509559434746467
modal,2.508728179551122
toast,2.5078969243557774
claim,2.5078969243557774
rebel,2.506234413965087
froze,2.5054031587697425
grand,2.5045719035743974
spilt,2.5045719035743974
split,2.5045719035743974
focal,2.5045719035743974
palsy,2.5045719035743974
stony,2.5037406483790523
swirl,2.5020781379883625
spike,2.5004156275976728
endow,2.5004156275976723
vapor,2.4995843724023277
lurid,2.4995843724023272
wince,2.4995843724023272
detox,2.4995843724023272
knave,2.497921862011638
graft,2.4979218620116375
visor,2.4979218620116375
sonic,2.497090606816293
lasso,2.497090606816293
scion,2.497090606816293
chant,2.4970906068162924
afoul,2.4970906068162924
mauve,2.4970906068162924
clout,2.4970906068162924
befit,2.4962593516209477
femur,2.4962593516209477
dunce,2.4954280964256026
shark,2.4954280964256026
newly,2.4954280964256026
daunt,2.4945968412302575
offer,2.4945968412302575
moist,2.4945968412302575
vague,2.4921030756442226
envoy,2.491271820448878
daisy,2.4896093100581878
haunt,2.4896093100581878
crank,2.4896093100581878
cloak,2.488778054862843
chard,2.487115544472153
perky,2.4862842892768082
turbo,2.485453034081463
spurt,2.485453034081463
quiet,2.484621778886118
quite,2.484621778886118
corny,2.4829592684954283
crony,2.4829592684954283
quest,2.482959268495428
troll,2.482959268495428
movie,2.482128013300083
enema,2.482128013300083
plaid,2.480465502909393
brand,2.4796342477140483
joker,2.478802992518703
stall,2.4771404821280134
spark,2.4771404821280134
fault,2.477140482128013
amity,2.4763092269326683
dirty,2.475477971737323
hello,2.475477971737323
slurp,2.4746467165419785
micro,2.4738154613466334
bribe,2.4679966749792186
depth,2.4679966749792186
tract,2.467165419783874
carat,2.4671654197838735
wooer,2.4655029093931837
rower,2.4655029093931837
glory,2.464671654197839
leave,2.464671654197839
valve,2.4646716541978386
debut,2.4630091438071484
quart,2.4613466334164587
recur,2.460515378221114
fiend,2.460515378221114
gaily,2.460515378221114
cache,2.459684123025769
plume,2.458852867830424
preen,2.458021612635079
scout,2.457190357439734
zesty,2.457190357439734
elope,2.457190357439734
point,2.456359102244389
pinto,2.456359102244389
belch,2.454696591853699
noisy,2.454696591853699
blurt,2.454696591853699
anvil,2.453034081463009
thyme,2.453034081463009
sworn,2.4522028262676643
medic,2.451371571072319
admit,2.450540315876974
oxide,2.450540315876974
round,2.449709060681629
rural,2.4488778054862843
incur,2.4488778054862843
china,2.448046550290939
chain,2.448046550290939
locus,2.4463840399002494
testy,2.4463840399002494
chime,2.4463840399002494
hardy,2.4447215295095597
third,2.4447215295095592
crisp,2.4438902743142146
roost,2.4430590191188695
torso,2.4430590191188695
diode,2.4422277639235244
peace,2.4413965087281797
vocal,2.4405652535328346
guide,2.4389027431421444
basic,2.4380714879467997
women,2.4364089775561095
empty,2.4347464671654198
fixer,2.433915211970075
binge,2.4339152119700747
begin,2.4339152119700747
being,2.4339152119700747
brawl,2.43308395677473
flour,2.432252701579385
issue,2.432252701579385
cloth,2.43142144638404
widen,2.43142144638404
rover,2.4305901911886947
panic,2.42975893599335
bravo,2.428927680798005
stack,2.428927680798005
zonal,2.428927680798005
bacon,2.42809642560266
totem,2.427265170407315
choke,2.427265170407315
whine,2.42643391521197
stamp,2.4256026600166254
gaunt,2.425602660016625
ratty,2.4247714048212803
fetch,2.4231088944305905
march,2.4231088944305905
swarm,2.42310889443059
charm,2.42310889443059
clang,2.4222776392352454
foist,2.422277639235245
harpy,2.4214463840399003
drank,2.4214463840399003
steed,2.420615128844555
query,2.4197838736492105
broth,2.41978387364921
throb,2.41978387364921
ardor,2.4189526184538654
vowel,2.4189526184538654
slack,2.4181213632585203
circa,2.4181213632585203
posse,2.4172901080631757
tithe,2.4172901080631752
crass,2.4164588528678306
these,2.4156275976724855
guard,2.4156275976724855
habit,2.4156275976724855
sheet,2.4156275976724855
psalm,2.4147963424771404
burst,2.4147963424771404
helix,2.4147963424771404
rally,2.4139650872817957
vault,2.41313383208645
green,2.4123025768911055
genre,2.4123025768911055
bused,2.4123025768911055
elide,2.4114713216957604
agony,2.4106400665004157
ingot,2.4106400665004153
covey,2.409808811305071
horny,2.4098088113050706
sandy,2.4089775561097255
drawn,2.408146300914381
forty,2.408146300914381
shell,2.404821280133001
cramp,2.404821280133001
lousy,2.4039900249376562
venom,2.401496259351621
mecca,2.400665004156276
login,2.399833748960931
revel,2.399833748960931
lever,2.3998337489609307
creed,2.3998337489609307
lingo,2.3998337489609307
gauze,2.399002493765586
payee,2.399002493765586
natal,2.398171238570241
bicep,2.398171238570241
prank,2.398171238570241
steep,2.3973399833748963
polka,2.397339983374896
pixel,2.396508728179551
girly,2.395677472984206
sewer,2.3948462177888614
cheer,2.394846217788861
ruder,2.392352452202826
udder,2.392352452202826
ahead,2.3915211970074814
feign,2.3915211970074814
tangy,2.3906899418121363
nomad,2.3898586866167912
caput,2.3898586866167912
waxen,2.3890274314214466
hotly,2.3890274314214466
manic,2.3890274314214466
saucy,2.3881961762261015
gauge,2.3881961762261015
axion,2.3881961762261015
enjoy,2.3873649210307564
favor,2.3865336658354117
wreck,2.3865336658354117
sleep,2.3865336658354117
spell,2.3865336658354117
pansy,2.3857024106400666
scold,2.3857024106400666
mourn,2.3857024106400666
prawn,2.3848711554447215
gonad,2.3848711554447215
manly,2.3848711554447215
shout,2.3840399002493764
south,2.3840399002493764
lusty,2.3840399002493764
welch,2.3832086450540317
bulge,2.3832086450540313
bugle,2.3832086450540313
primo,2.3823773898586866
hefty,2.380714879467997
mirth,2.3807148794679964
glint,2.3798836242726513
count,2.3782211138819616
froth,2.377389858686617
forth,2.377389858686617
creep,2.376558603491272
moose,2.376558603491272
crepe,2.376558603491272
right,2.3757273482959267
apart,2.3757273482959267
girth,2.3757273482959267
eking,2.3757273482959267
topic,2.374896093100582
optic,2.374896093100582
fruit,2.374064837905237
chief,2.374064837905237
faith,2.373233582709892
yacht,2.373233582709892
dozen,2.372402327514547
cavil,2.371571072319202
shaft,2.371571072319202
goose,2.371571072319202
purer,2.369077306733167
puree,2.369077306733167
upper,2.369077306733167
rupee,2.3690773067331667
betel,2.366583541147132
trick,2.365752285951787
spout,2.365752285951787
moult,2.364921030756442
curly,2.3632585203657523
gecko,2.3632585203657523
river,2.361596009975062
niece,2.3607647547797175
flash,2.3607647547797175
grunt,2.360764754779717
sever,2.359933499584373
serve,2.359933499584373
titan,2.3599334995843724
verse,2.3599334995843724
taint,2.3599334995843724
scene,2.3591022443890277
cabin,2.3591022443890273
savoy,2.3582709891936826
nudge,2.3582709891936826
reedy,2.3574397339983375
dryer,2.3574397339983375
duvet,2.3566084788029924
spurn,2.3557772236076477
aroma,2.3549459684123026
armor,2.3549459684123026
major,2.3549459684123026
gland,2.3541147132169575
ennui,2.3532834580216124
ensue,2.3516209476309227
birth,2.3507896924355776
radii,2.3499584372402325
imbue,2.3499584372402325
fraud,2.3482959268495427
woken,2.3482959268495427
worth,2.3482959268495427
throw,2.3482959268495427
disco,2.347464671654198
nasal,2.3474646716541976
obese,2.346633416458853
flume,2.345802161263508
smell,2.345802161263508
croup,2.344970906068163
harsh,2.343308395677473
world,2.342477140482128
swath,2.342477140482128
liege,2.342477140482128
quota,2.341645885286783
sting,2.339983374896093
clank,2.3391521197007483
aglow,2.338320864505403
speck,2.338320864505403
tulip,2.3366583541147135
local,2.3366583541147135
edify,2.336658354114713
tenth,2.336658354114713
bench,2.3358270989193683
brunt,2.335827098919368
creme,2.335827098919368
burnt,2.335827098919368
bison,2.3349958437240232
avoid,2.334164588528678
borax,2.3333333333333335
lurch,2.3325020781379884
shawl,2.3316708229426433
sigma,2.330839567747298
sling,2.3291770573566084
bland,2.3291770573566084
abbey,2.3283458021612633
given,2.3275145469659186
adage,2.3275145469659186
beset,2.3266832917705735
umbra,2.3266832917705735
error,2.3266832917705735
graph,2.3266832917705735
rumba,2.326683291770573
arbor,2.3250207813798838
patch,2.3241895261845387
fleet,2.3241895261845387
alarm,2.3241895261845387
hymen,2.3233582709891936
mango,2.3208645054031587
admin,2.3208645054031587
among,2.3208645054031587
gusto,2.3200332502078136
prowl,2.319201995012469
logic,2.318370739817124
bible,2.3175394846217787
libel,2.3175394846217787
belie,2.3175394846217787
bless,2.315876974231089
renew,2.315876974231089
newer,2.315876974231089
exert,2.315045719035744
brawn,2.314214463840399
midge,2.3142144638403987
drift,2.313383208645054
notch,2.3125519534497094
flint,2.312551953449709
prism,2.311720698254364
donut,2.310058187863674
gnash,2.3092269326683295
tunic,2.309226932668329
knife,2.3083956774729844
vogue,2.3075644222776392
quake,2.306733167082294
sprig,2.306733167082294
agape,2.3042394014962593
mocha,2.3034081463009146
macho,2.3034081463009146
valid,2.303408146300914
chord,2.3025768911055695
sword,2.3025768911055695
siege,2.3025768911055695
index,2.3009143807148793
woven,2.3000831255195346
snack,2.2992518703241895
sumac,2.2984206151288444
lanky,2.2967581047381547
bayou,2.2967581047381547
prong,2.2967581047381547
pesky,2.2959268495428096
ivory,2.295095594347465
loyal,2.29426433915212
tawny,2.29426433915212
alloy,2.29426433915212
vaunt,2.2942643391521194
merry,2.2934330839567747
crush,2.29260182876143
flout,2.2926018287614296
stool,2.2926018287614296
aping,2.2926018287614296
crown,2.291770573566085
whelp,2.291770573566085
dense,2.29093931837074
unfed,2.29093931837074
guilt,2.2909393183707394
crypt,2.2901080631753947
sheen,2.28595178719867
frank,2.285120532003325
match,2.283458021612635
nerve,2.2809642560266
never,2.2809642560266
datum,2.2809642560266
porch,2.2793017456359106
grass,2.27930174563591
attic,2.2784704904405655
cacti,2.278470490440565
tacit,2.278470490440565
trunk,2.27763923524522
proud,2.2768079800498753
thank,2.2768079800498753
cycle,2.2751454696591855
tutor,2.2751454696591855
trout,2.275145469659185
tally,2.2743142144638404
growl,2.2734829592684953
risky,2.2726517040731506
juice,2.2718204488778055
color,2.2718204488778055
squat,2.2709891936824604
scuba,2.2684954280964256
whirl,2.2684954280964256
iliac,2.2676641729010805
lilac,2.2676641729010805
topaz,2.266832917705736
unity,2.266832917705736
class,2.2660016625103907
built,2.2660016625103903
fleck,2.2651704073150456
begun,2.2643391521197005
berry,2.263507896924356
greed,2.2626766417290107
unwed,2.261845386533666
quail,2.2618453865336656
tipsy,2.2618453865336656
laugh,2.260182876142976
hydro,2.260182876142976
virus,2.259351620947631
sound,2.2593516209476308
usual,2.258520365752286
lofty,2.257689110556941
sleek,2.257689110556941
fluke,2.257689110556941
eerie,2.257689110556941
snaky,2.256857855361596
stink,2.256857855361596
rabbi,2.2560266001662512
briar,2.2560266001662512
sweet,2.255195344970906
clamp,2.2543640897755615
ghost,2.254364089775561
brass,2.254364089775561
shady,2.254364089775561
joist,2.254364089775561
batch,2.2535328345802164
arrow,2.2535328345802164
frond,2.2527015793848713
etude,2.252701579384871
briny,2.251870324189526
grind,2.251039068994181
annex,2.2502078137988364
caulk,2.250207813798836
candy,2.248545303408146
plank,2.2477140482128015
creek,2.247714048212801
mount,2.2460515378221113
slink,2.2460515378221113
stock,2.2443890274314215
leech,2.2443890274314215
swell,2.2443890274314215
shirk,2.2418952618453867
elude,2.2418952618453862
stomp,2.2410640066500416
breed,2.2377389858686616
madly,2.2352452202826267
tasty,2.234413965087282
shunt,2.2344139650872816
swami,2.2344139650872816
scrum,2.233582709891937
chasm,2.232751454696592
syrup,2.231920199501247
cross,2.231920199501247
gourd,2.231088944305902
humor,2.231088944305902
lorry,2.229426433915212
semen,2.226932668329177
shank,2.226101413133832
tacky,2.226101413133832
rough,2.226101413133832
light,2.225270157938487
synod,2.224438902743142
woman,2.224438902743142
crazy,2.224438902743142
stilt,2.223607647547797
touch,2.223607647547797
sally,2.223607647547797
genie,2.223607647547797
still,2.223607647547797
drown,2.223607647547797
epoxy,2.2227763923524524
quasi,2.2219451371571073
ferry,2.221113881961762
scowl,2.2202826267664175
wagon,2.2194513715710724
could,2.217788861180382
teddy,2.217788861180382
canon,2.217788861180382
input,2.217788861180382
cloud,2.217788861180382
scamp,2.2144638403990027
flask,2.2136325852036576
friar,2.2136325852036576
churn,2.2136325852036576
carry,2.2136325852036576
amply,2.211970074812968
gamut,2.2119700748129674
thrum,2.2111388196176223
slimy,2.2103075644222776
chirp,2.2103075644222776
spank,2.2078137988362427
group,2.2078137988362427
weigh,2.2078137988362427
aphid,2.2069825436408976
jerky,2.205320033250208
badly,2.205320033250208
trust,2.2044887780548628
chess,2.2044887780548628
truss,2.2044887780548628
strut,2.2044887780548628
gouge,2.203657522859518
stash,2.203657522859518
scrub,2.203657522859518
drool,2.2036575228595177
droll,2.2036575228595177
burly,2.201163757273483
vigor,2.200332502078138
twang,2.199501246882793
merge,2.198669991687448
salad,2.197838736492103
truck,2.196176226101413
evade,2.196176226101413
freed,2.1953449709060684
defer,2.195344970906068
midst,2.195344970906068
spawn,2.1945137157107233
petty,2.1945137157107233
slash,2.192851205320033
trump,2.192851205320033
shall,2.192851205320033
revue,2.1920199501246884
heave,2.1911886949293438
troop,2.1911886949293433
gaffe,2.1911886949293433
smith,2.190357439733998
taunt,2.190357439733998
jaunt,2.190357439733998
junta,2.190357439733998
sorry,2.1895261845386536
larva,2.1878636741479633
piece,2.1878636741479633
canal,2.1870324189526182
sight,2.1853699085619285
taboo,2.1853699085619285
pasta,2.1853699085619285
abbot,2.1853699085619285
blunt,2.1853699085619285
chalk,2.1845386533665834
toxin,2.1837073981712387
smirk,2.1828761429758936
equip,2.182044887780549
watch,2.182044887780549
pique,2.1820448877805485
rocky,2.1812136325852034
youth,2.1812136325852034
month,2.1803823773898587
gravy,2.1803823773898587
annul,2.1795511221945136
kneel,2.1787198669991685
blank,2.1770573566084788
album,2.1762261014131337
stick,2.175394846217789
thong,2.175394846217789
annoy,2.175394846217789
joint,2.1753948462177886
handy,2.1753948462177886
axiom,2.174563591022444
wrack,2.174563591022444
ember,2.173732335827099
dogma,2.171238570241064
sieve,2.171238570241064
magic,2.1704073150457193
nobly,2.1704073150457193
stung,2.170407315045719
tryst,2.169576059850374
cling,2.168744804655029
gooey,2.168744804655029
drink,2.167913549459684
havoc,2.1670822942643393
seedy,2.1670822942643393
bigot,2.167082294264339
bonus,2.1654197838736495
slick,2.1645885286783044
dross,2.1637572734829593
pouty,2.162926018287614
where,2.1612635078969245
limbo,2.161263507896924
slung,2.1596009975062342
butte,2.1587697423108896
filth,2.1579384871155445
bring,2.1571072319201994
every,2.1571072319201994
shrug,2.1554447215295096
wrong,2.1546134663341645
grown,2.1546134663341645
brisk,2.1529509559434747
crimp,2.151288445552785
shiny,2.15045719035744
motor,2.15045719035744
kebab,2.1504571903574394
lucid,2.1487946799667497
modem,2.1479634247714046
morph,2.14713216957606
human,2.146300914380715
shack,2.144638403990025
blond,2.144638403990025
afoot,2.142975893599335
dodge,2.142975893599335
minty,2.14214463840399
prior,2.14214463840399
crowd,2.14214463840399
clown,2.141313383208645
event,2.141313383208645
balmy,2.141313383208645
harry,2.1404821280133
birch,2.1396508728179553
sauna,2.139650872817955
leggy,2.137988362427265
elegy,2.137988362427265
tying,2.13715710723192
drill,2.134663341645885
flank,2.134663341645885
small,2.1338320864505405
segue,2.1330008312551954
guess,2.1330008312551954
offal,2.1321695760598502
aloof,2.1321695760598502
spiny,2.1321695760598502
doing,2.1313383208645056
dingo,2.131338320864505
shrub,2.1305070656691605
brush,2.1305070656691605
foamy,2.1296758104738154
motif,2.1296758104738154
brown,2.1296758104738154
glass,2.1288445552784707
minus,2.126350789692436
lying,2.1263507896924354
hence,2.1255195344970907
razor,2.1255195344970907
undue,2.123025768911056
theme,2.1230257689110554
silky,2.1221945137157108
parry,2.1221945137157108
dwarf,2.1221945137157108
suing,2.1213632585203657
using,2.1213632585203657
robot,2.1205320033250206
itchy,2.1197007481296755
speed,2.118038237738986
shift,2.118038237738986
wharf,2.117206982543641
tibia,2.116375727348296
koala,2.116375727348296
study,2.115544472152951
exile,2.115544472152951
dusty,2.115544472152951
debug,2.1147132169576057
budge,2.1147132169576057
sheep,2.1130507065669164
belly,2.113050706566916
fancy,2.112219451371571
fatal,2.112219451371571
ledge,2.112219451371571
augur,2.111388196176226
frisk,2.110556940980881
pence,2.107231920199501
pivot,2.106400665004156
night,2.106400665004156
thing,2.106400665004156
alibi,2.1055694098088114
stint,2.1047381546134662
unfit,2.1047381546134662
basal,2.103906899418121
allow,2.1030756442227765
toxic,2.1022443890274314
shaky,2.1022443890274314
vixen,2.1005818786367416
wordy,2.0997506234413965
forum,2.0997506234413965
dowry,2.0997506234413965
rowdy,2.0997506234413965
rigor,2.0964256026600165
black,2.095594347464672
amiss,2.095594347464672
gross,2.0947630922693268
waltz,2.0939318370739817
ditch,2.0939318370739812
mouth,2.091438071487947
seven,2.090606816292602
queer,2.089775561097257
needy,2.088113050706567
frown,2.087281795511222
bleed,2.0872817955112217
stunk,2.0872817955112217
ought,2.086450540315877
tough,2.086450540315877
smack,2.085619285120532
clink,2.085619285120532
wring,2.085619285120532
donor,2.0847880299251873
joust,2.084788029925187
stout,2.084788029925187
child,2.083125519534497
marry,2.0814630091438073
honor,2.0798004987531176
awake,2.078969243557772
seize,2.0781379883624274
slunk,2.076475477971737
blind,2.075644222776392
ghoul,2.075644222776392
catty,2.0739817123857023
brink,2.0739817123857023
staff,2.0723192019950125
fudge,2.072319201995012
pitch,2.0706566916043228
botch,2.0689941812136325
ozone,2.068162926018288
floor,2.067331670822943
doubt,2.0665004156275977
basis,2.0656691604322526
vomit,2.0656691604322526
grill,2.0656691604322526
penny,2.0648379052369075
bleep,2.064006650041563
occur,2.064006650041563
coach,2.063175394846218
flail,2.0631753948462177
prick,2.0631753948462177
lunch,2.0631753948462177
grimy,2.0631753948462177
verge,2.062344139650873
snowy,2.059019118869493
quilt,2.057356608478803
drama,2.055694098088113
banjo,2.055694098088113
flack,2.0532003325020782
musty,2.051537822111388
spicy,2.0507065669160434
moldy,2.0507065669160434
plush,2.0507065669160434
theft,2.050706566916043
sooty,2.0498753117206983
mangy,2.0473815461346634
gusty,2.0465502909393183
godly,2.0457190357439736
await,2.0448877805486285
music,2.0448877805486285
hatch,2.0432252701579388
catch,2.0432252701579383
focus,2.0415627597672485
deuce,2.0415627597672485
bylaw,2.0399002493765583
amaze,2.0390689941812137
tenet,2.0374064837905235
bingo,2.0374064837905235
crack,2.0357439733998337
awful,2.0324189526184537
weave,2.030756442227764
fewer,2.0299251870324193
quark,2.029925187032419
beget,2.0290939318370738
shown,2.028262676641729
pithy,2.028262676641729
tweed,2.026600166251039
hound,2.0257689110556942
idiot,2.025768911055694
ditto,2.025768911055694
banal,2.024937655860349
enemy,2.024106400665004
opium,2.024106400665004
stood,2.024106400665004
think,2.023275145469659
gaudy,2.0224438902743143
moron,2.0207813798836245
fritz,2.0199501246882794
frock,2.0191188694929347
sooth,2.0191188694929343
shoot,2.0191188694929343
mania,2.0166251039068994
mogul,2.0166251039068994
dwell,2.0157938487115543
vapid,2.0116375727348297
aging,2.0116375727348297
again,2.0116375727348297
guild,2.0116375727348292
wheel,2.0108063175394846
flaky,2.0108063175394846
slosh,2.0083125519534497
pound,2.0074812967581046
stuck,2.005818786367415
junto,2.005818786367415
comma,2.004156275976725
colon,2.002493765586035
stump,2.002493765586035
stoop,2.000831255195345
villa,1.9991687448046551
avail,1.999168744804655
clung,1.999168744804655
frill,1.9983374896093102
drunk,1.9983374896093098
fever,1.9950124688279303
vinyl,1.9950124688279303
dally,1.9950124688279303
fence,1.9941812136325852
brick,1.9925187032418952
squad,1.9916874480465503
slump,1.99168744804655
spool,1.9900249376558605
sloop,1.9900249376558603
sixty,1.9891936824605154
young,1.9875311720698252
quash,1.9866999168744806
sense,1.9866999168744806
build,1.98669991687448
would,1.9842061512884452
patty,1.9825436408977555
krill,1.9825436408977555
crump,1.9817123857024106
dimly,1.9817123857024104
swamp,1.9808811305070655
delve,1.9808811305070655
champ,1.9808811305070655
blush,1.9800498753117206
blown,1.9792186201163757
ficus,1.972568578553616
privy,1.972568578553616
apply,1.971737323358271
truth,1.9709060681629258
silly,1.9700748129675811
phony,1.9675810473815463
qualm,1.9675810473815458
mound,1.9667497921862012
owing,1.965918536990856
cumin,1.965918536990856
conic,1.9642560266001663
fling,1.964256026600166
ionic,1.964256026600166
shock,1.9600997506234414
nylon,1.9600997506234412
imply,1.9584372402327515
sixth,1.9584372402327515
swift,1.9576059850374063
union,1.9567747298420617
adapt,1.9567747298420612
eject,1.9559434746467166
award,1.9542809642560266
excel,1.9534497090606817
sweep,1.9526184538653366
sulky,1.9526184538653366
vodka,1.9517871986699917
proxy,1.945968412302577
igloo,1.9459684123025767
parka,1.944305901911887
canny,1.944305901911887
gloss,1.944305901911887
fluid,1.944305901911887
cabal,1.9434746467165418
thick,1.9418121363258518
alpha,1.9409808811305072
pinch,1.940980881130507
quell,1.9393183707398172
flush,1.9376558603491274
flown,1.9368246051537823
bound,1.936824605153782
stunt,1.935162094763092
sappy,1.9318370739817123
rumor,1.9318370739817121
limit,1.931005818786367
dryly,1.9301745635910224
boost,1.9301745635910224
climb,1.9301745635910224
witch,1.9285120532003324
druid,1.9268495428096424
gayly,1.9260182876142977
dutch,1.9243557772236077
blink,1.9235245220282624
venue,1.9226932668329177
spill,1.921030756442228
pouch,1.9210307564422278
naval,1.9185369908561927
wrung,1.9160432252701578
jetty,1.913549459684123
gipsy,1.913549459684123
tabby,1.9118869492934332
batty,1.9118869492934332
droop,1.911886949293433
blitz,1.9118869492934327
block,1.911055694098088
crumb,1.911055694098088
rotor,1.910224438902743
kneed,1.910224438902743
showy,1.9044056525353286
judge,1.9044056525353283
axial,1.9035743973399835
karma,1.9035743973399835
jelly,1.9027431421446384
usurp,1.9019118869492935
smock,1.9010806317539484
roomy,1.8969243557772235
swing,1.8952618453865335
curvy,1.8944305901911889
found,1.8944305901911886
salsa,1.8935993349958435
might,1.8927680798004989
freer,1.891105569409809
refer,1.891105569409809
bevel,1.886949293433084
gassy,1.886118038237739
clack,1.885286783042394
teeth,1.882793017456359
beech,1.881961762261014
avian,1.880299251870324
coyly,1.8786367414796343
folio,1.8786367414796343
floss,1.8769742310889446
dandy,1.8761429758935992
snuck,1.8761429758935992
cough,1.8753117206982544
spoon,1.8711554447215297
snoop,1.8711554447215295
blurb,1.8711554447215295
ninth,1.8711554447215293
taffy,1.8694929343308397
fatty,1.8694929343308395
flock,1.8686616791354946
wound,1.8653366583541144
fishy,1.8645054031587698
tepee,1.8645054031587696
rugby,1.8636741479634247
expel,1.862011637572735
abyss,1.8611803823773898
smash,1.860349127182045
width,1.8603491271820447
furor,1.8595178719867
evoke,1.8595178719867
smoky,1.858686616791355
dingy,1.8578553615960098
dying,1.8578553615960098
outdo,1.85619285120532
quoth,1.85286783042394
unify,1.8512053200332503
crock,1.8512053200332503
crook,1.8512053200332503
bliss,1.8503740648379052
mulch,1.8495428096425603
filmy,1.8453865336658355
gulch,1.8445552784704904
spasm,1.8420615128844555
mambo,1.8420615128844555
array,1.8412302576891106
brood,1.8412302576891104
hedge,1.8387364921030755
blimp,1.8387364921030753
clump,1.8312551953449707
downy,1.830423940149626
spiky,1.830423940149626
butch,1.8304239401496258
milky,1.829592684954281
finch,1.827930174563591
verve,1.827098919368246
going,1.8270989193682459
plunk,1.824605153782211
booze,1.824605153782211
pixie,1.8237738985868661
check,1.8237738985868661
cheek,1.8237738985868661
kiosk,1.8229426433915212
toddy,1.8212801330008312
fight,1.8204488778054864
queen,1.8204488778054861
stiff,1.8187863674147964
wispy,1.8171238570241066
radar,1.8154613466334164
melee,1.8129675810473813
dolly,1.810473815461347
oddly,1.810473815461347
rajah,1.8104738154613467
murky,1.8104738154613467
inbox,1.8104738154613464
icily,1.8096425602660018
pushy,1.807980049875312
dough,1.807148794679967
holly,1.805486284289277
groom,1.8021612635078967
sully,1.800498753117207
flick,1.7996674979218619
winch,1.798836242726517
fjord,1.798836242726517
rigid,1.797173732335827
worry,1.7955112219451372
flung,1.7946799667497921
caddy,1.7946799667497921
bezel,1.793848711554447
lucky,1.7921862011637573
skill,1.7921862011637573
wight,1.7913549459684122
curry,1.7905236907730675
scoop,1.7896924355777226
twist,1.7896924355777224
hitch,1.7896924355777222
lumpy,1.7888611803823775
polyp,1.7871986699916875
outgo,1.7871986699916875
loopy,1.7871986699916875
spunk,1.7847049044056527
belle,1.7830423940149625
knoll,1.7822111388196178
crick,1.7822111388196176
wacky,1.7813798836242727
chili,1.7788861180382378
chill,1.7788861180382378
swill,1.7788861180382378
broom,1.7772236076475476
quirk,1.7763923524522027
ninja,1.7763923524522027
proof,1.775561097256858
uncut,1.7747298420615127
fauna,1.7747298420615127
khaki,1.7738985868661679
weedy,1.773067331670823
punch,1.771404821280133
bawdy,1.771404821280133
slush,1.769742310889443
thump,1.7689110556940981
geese,1.7680798004987532
fugue,1.768079800498753
mushy,1.7672485453034081
photo,1.7672485453034081
knack,1.7664172901080633
wryly,1.7647547797173733
cocoa,1.7639235245220284
cacao,1.7639235245220282
pubic,1.7630922693266833
windy,1.7614297589359933
awash,1.7589359933499584
swash,1.7589359933499584
pagan,1.7581047381546133
whiny,1.7564422277639236
fungi,1.7564422277639233
savvy,1.7547797173732336
visit,1.7547797173732333
embed,1.7547797173732333
pupil,1.7531172069825436
ditty,1.7522859517871985
lupus,1.7514546965918538
pinky,1.7514546965918536
whack,1.7506234413965087
comic,1.7506234413965087
vouch,1.743973399833749
pluck,1.743142144638404
humid,1.743142144638404
golly,1.7414796342477141
idyll,1.741479634247714
dilly,1.741479634247714
skimp,1.740648379052369
fanny,1.7398171238570241
bushy,1.7373233582709893
hilly,1.7364921030756442
shyly,1.7348295926849544
penne,1.7348295926849542
condo,1.7339983374896093
nutty,1.7323358270989195
sushi,1.7315045719035744
mafia,1.7306733167082295
munch,1.7306733167082293
forgo,1.7298420615128844
conch,1.7290108063175396
swoon,1.7290108063175396
booty,1.7273482959268496
swung,1.7256857855361596
lymph,1.7231920199501245
ruddy,1.7223607647547796
tweet,1.7223607647547796
shuck,1.7215295095594347
hippo,1.718204488778055
glyph,1.7182044887780548
hurry,1.7173732335827099
geeky,1.7173732335827099
manga,1.7173732335827099
lobby,1.716541978387365
comfy,1.7140482128013301
bough,1.713216957605985
jewel,1.711554447215295
flunk,1.711554447215295
beefy,1.7082294264339153
mossy,1.7065669160432253
paddy,1.7032418952618453
soggy,1.7015793848711556
tatty,1.7015793848711556
bunch,1.7007481296758105
cabby,1.7007481296758105
clock,1.7007481296758105
thumb,1.6982543640897756
happy,1.6982543640897756
booth,1.6965918536990856
lipid,1.6924355777223605
juror,1.6916043225270156
allay,1.690773067331671
blood,1.6907730673316708
cynic,1.6907730673316708
sniff,1.689110556940981
brook,1.6891105569409808
dusky,1.684123025768911
idiom,1.6824605153782208
sunny,1.6816292601828762
husky,1.6791354945968413
quack,1.679135494596841
wedge,1.6783042394014962
scoff,1.6766417290108067
bossy,1.6766417290108064
level,1.6766417290108062
howdy,1.6758104738154613
folly,1.6741479634247716
duchy,1.6708229426433916
picky,1.6699916874480465
plumb,1.6691604322527014
timid,1.6625103906899414
cinch,1.6600166251039068
bitty,1.6583541147132168
whisk,1.6575228595178721
undid,1.657522859517872
vying,1.657522859517872
digit,1.6575228595178717
gumbo,1.6541978387364922
plaza,1.6525353283458022
thigh,1.652535328345802
tight,1.652535328345802
gloom,1.6517040731504573
assay,1.6508728179551122
sassy,1.6508728179551122
stuff,1.6492103075644222
flood,1.6483790523690773
cliff,1.6475477971737325
billy,1.6475477971737322
lowly,1.6450540315876976
unzip,1.6450540315876974
wooly,1.6450540315876974
gawky,1.6442227763923525
squib,1.6442227763923525
chunk,1.6425602660016625
papal,1.6417290108063174
couch,1.6400665004156276
missy,1.6375727348295928
click,1.631753948462178
bulky,1.630091438071488
chaff,1.627597672485453
bloom,1.6267664172901082
skulk,1.622610141313383
skull,1.622610141313383
musky,1.6201163757273482
hutch,1.6201163757273482
fifty,1.6159600997506236
pizza,1.6142975893599334
emcee,1.6126350789692434
filly,1.605153782211139
nymph,1.6043225270157937
juicy,1.601828761429759
llama,1.600997506234414
hunky,1.600166251039069
kitty,1.6001662510390688
icing,1.596009975062344
myrrh,1.5926849542809642
onion,1.5918536990856194
shook,1.5876974231088945
witty,1.5868661679135494
bosom,1.5868661679135494
furry,1.5860349127182045
spoof,1.5852036575228599
fifth,1.5852036575228596
civil,1.5835411471321694
knock,1.5818786367414797
widow,1.5810473815461346
willy,1.5760598503740648
dully,1.5719035743973402
nanny,1.57190357439734
maxim,1.571072319201995
spook,1.5694098088113053
baggy,1.5635910224438903
amass,1.5610972568578556
putty,1.5594347464671654
chump,1.5577722360764754
pooch,1.5561097256857856
swoop,1.5561097256857856
pulpy,1.5486284289276808
ovoid,1.546134663341646
macaw,1.5394846217788862
hussy,1.5270157938487117
wimpy,1.5245220282626768
aback,1.5228595178719866
dumpy,1.520365752285952
snuff,1.5195344970906068
pudgy,1.515378221113882
livid,1.5153782211138818
mucus,1.5103906899418122
jolly,1.5062344139650874
swish,1.5054031587697423
skunk,1.5037406483790523
gully,1.5029093931837074
bongo,1.5029093931837074
affix,1.4987531172069826
guava,1.4921030756442228
gruff,1.4912718204488777
hunch,1.4904405652535329
tooth,1.486284289276808
cubic,1.4821280133000831
moody,1.4779717373233583
bully,1.4779717373233583
quill,1.4738154613466334
goody,1.4729842061512886
dodgy,1.4729842061512886
kinky,1.4704904405652535
funky,1.4688279301745635
cluck,1.4621778886118038
mucky,1.4596841230257689
plump,1.4588528678304238
vigil,1.4463840399002494
hippy,1.4447215295095595
hobby,1.4430590191188697
humus,1.4372402327514546
fully,1.4355777223607649
slyly,1.4355777223607649
motto,1.4272651704073152
chock,1.4272651704073152
buxom,1.4272651704073152
quick,1.425602660016625
daddy,1.4222776392352452
jumbo,1.4189526184538654
femme,1.4081463009143809
giddy,1.4039900249376558
sissy,1.3973399833748963
fussy,1.395677472984206
skiff,1.3873649210307566
piggy,1.3807148794679966
biddy,1.3790523690773067
gypsy,1.3790523690773067
dowdy,1.376558603491272
woody,1.3765586034912718
queue,1.366583541147132
bunny,1.3591022443890275
mammy,1.3582709891936826
chick,1.3582709891936824
known,1.348295926849543
which,1.344970906068163
foggy,1.3366583541147132
goofy,1.3366583541147132
madam,1.3325020781379884
whoop,1.3225270157938487
ninny,1.3183707398171238
funny,1.3167082294264338
bluff,1.315876974231089
kayak,1.2701579384871156
twixt,1.2651704073150456
magma,1.2635078969243558
gamma,1.2635078969243558
dummy,1.2394014962593516
muddy,1.2394014962593516
minim,1.228595178719867
kappa,1.2211138819617622
jumpy,1.2161263507896924
poppy,1.2144638403990027
guppy,1.2111388196176227
buddy,1.2094763092269327
shush,1.1970074812967582
chuck,1.1886949293433084
humph,1.1853699085619285
dizzy,1.1795511221945136
gummy,1.170407315045719
boozy,1.1546134663341645
mimic,1.14713216957606
puffy,1.1438071487946802
booby,1.14380714879468
bobby,1.14380714879468
whiff,1.1404821280133002
buggy,1.1404821280133
jazzy,1.1288445552784705
fluff,1.1055694098088114
pygmy,1.086450540315877
woozy,1.083125519534497
fizzy,1.0432252701579385
jiffy,1.032418952618454
mamma,1.028262676641729
civic,1.0108063175394846
puppy,0.975893599334996
vivid,0.9426433915211969
mummy,0.9351620947630923
fuzzy,0.8736492103075644
